{
  "03_02_ Click on Sign In" : {
    "transaction" : "03_02_ Click on Sign In",
    "sampleCount" : 61,
    "errorCount" : 0,
    "errorPct" : 0.0,
    "meanResTime" : 227.50819672131152,
    "medianResTime" : 229.0,
    "minResTime" : 0.0,
    "maxResTime" : 240.0,
    "pct1ResTime" : 239.0,
    "pct2ResTime" : 240.0,
    "pct3ResTime" : 240.0,
    "throughput" : 0.6635122640996356,
    "receivedKBytesPerSec" : 2.609987695110676,
    "sentKBytesPerSec" : 0.4340277777777778
  },
  "03_06_ Click on Add to Cart" : {
    "transaction" : "03_06_ Click on Add to Cart",
    "sampleCount" : 48,
    "errorCount" : 0,
    "errorPct" : 0.0,
    "meanResTime" : 232.04166666666674,
    "medianResTime" : 231.0,
    "minResTime" : 220.0,
    "maxResTime" : 243.0,
    "pct1ResTime" : 241.1,
    "pct2ResTime" : 242.55,
    "pct3ResTime" : 243.0,
    "throughput" : 0.6276807197405586,
    "receivedKBytesPerSec" : 2.987715274871849,
    "sentKBytesPerSec" : 0.4228467609059525
  },
  "04_06_Click on Add to Cart" : {
    "transaction" : "04_06_Click on Add to Cart",
    "sampleCount" : 4,
    "errorCount" : 0,
    "errorPct" : 0.0,
    "meanResTime" : 231.5,
    "medianResTime" : 231.5,
    "minResTime" : 231.0,
    "maxResTime" : 232.0,
    "pct1ResTime" : 232.0,
    "pct2ResTime" : 232.0,
    "pct3ResTime" : 232.0,
    "throughput" : 0.11078491109510885,
    "receivedKBytesPerSec" : 0.5269315522350856,
    "sentKBytesPerSec" : 0.07464998892150888
  },
  "02_01_Open Url" : {
    "transaction" : "02_01_Open Url",
    "sampleCount" : 153,
    "errorCount" : 0,
    "errorPct" : 0.0,
    "meanResTime" : 998.3660130718955,
    "medianResTime" : 917.0,
    "minResTime" : 0.0,
    "maxResTime" : 18999.0,
    "pct1ResTime" : 959.0,
    "pct2ResTime" : 962.0,
    "pct3ResTime" : 18950.4,
    "throughput" : 1.549869324743208,
    "receivedKBytesPerSec" : 6.608727796602443,
    "sentKBytesPerSec" : 0.7201502955388075
  },
  "04_04_Click on Category" : {
    "transaction" : "04_04_Click on Category",
    "sampleCount" : 4,
    "errorCount" : 0,
    "errorPct" : 0.0,
    "meanResTime" : 227.5,
    "medianResTime" : 227.5,
    "minResTime" : 227.0,
    "maxResTime" : 228.0,
    "pct1ResTime" : 228.0,
    "pct2ResTime" : 228.0,
    "pct3ResTime" : 228.0,
    "throughput" : 0.12494143370295174,
    "receivedKBytesPerSec" : 0.47072661252537873,
    "sentKBytesPerSec" : 0.07991859284710291
  },
  "02_04_Click on Item Id" : {
    "transaction" : "02_04_Click on Item Id",
    "sampleCount" : 120,
    "errorCount" : 0,
    "errorPct" : 0.0,
    "meanResTime" : 232.11666666666667,
    "medianResTime" : 230.5,
    "minResTime" : 219.0,
    "maxResTime" : 242.0,
    "pct1ResTime" : 241.0,
    "pct2ResTime" : 241.0,
    "pct3ResTime" : 242.0,
    "throughput" : 1.734730755330683,
    "receivedKBytesPerSec" : 6.459500361402241,
    "sentKBytesPerSec" : 1.1533249006143838
  },
  "01_Open URL" : {
    "transaction" : "01_Open URL",
    "sampleCount" : 1053,
    "errorCount" : 0,
    "errorPct" : 0.0,
    "meanResTime" : 930.9012345679022,
    "medianResTime" : 921.0,
    "minResTime" : 0.0,
    "maxResTime" : 7199.0,
    "pct1ResTime" : 960.0,
    "pct2ResTime" : 962.0,
    "pct3ResTime" : 971.0,
    "throughput" : 10.702089600780551,
    "receivedKBytesPerSec" : 50.91099250955362,
    "sentKBytesPerSec" : 5.992551636565981
  },
  "04_08_Key in payment details and lick continue" : {
    "transaction" : "04_08_Key in payment details and lick continue",
    "sampleCount" : 4,
    "errorCount" : 0,
    "errorPct" : 0.0,
    "meanResTime" : 229.5,
    "medianResTime" : 229.5,
    "minResTime" : 228.0,
    "maxResTime" : 231.0,
    "pct1ResTime" : 231.0,
    "pct2ResTime" : 231.0,
    "pct3ResTime" : 231.0,
    "throughput" : 0.12487122654762275,
    "receivedKBytesPerSec" : 0.5754563653107733,
    "sentKBytesPerSec" : 0.15608903318452844
  },
  "04_05_Click on Product ID" : {
    "transaction" : "04_05_Click on Product ID",
    "sampleCount" : 4,
    "errorCount" : 0,
    "errorPct" : 0.0,
    "meanResTime" : 230.0,
    "medianResTime" : 230.0,
    "minResTime" : 230.0,
    "maxResTime" : 230.0,
    "pct1ResTime" : 230.0,
    "pct2ResTime" : 230.0,
    "pct3ResTime" : 230.0,
    "throughput" : 0.11079411683239619,
    "receivedKBytesPerSec" : 0.46622250920976094,
    "sentKBytesPerSec" : 0.07443979724676619
  },
  "04_10_Click on Sign Out" : {
    "transaction" : "04_10_Click on Sign Out",
    "sampleCount" : 4,
    "errorCount" : 0,
    "errorPct" : 0.0,
    "meanResTime" : 455.5,
    "medianResTime" : 455.5,
    "minResTime" : 455.0,
    "maxResTime" : 456.0,
    "pct1ResTime" : 456.0,
    "pct2ResTime" : 456.0,
    "pct3ResTime" : 456.0,
    "throughput" : 0.11023535247753954,
    "receivedKBytesPerSec" : 0.5681857327895056,
    "sentKBytesPerSec" : 0.1404854833820206
  },
  "04_03_Enter User name and password, Click on Login" : {
    "transaction" : "04_03_Enter User name and password, Click on Login",
    "sampleCount" : 5,
    "errorCount" : 0,
    "errorPct" : 0.0,
    "meanResTime" : 363.6,
    "medianResTime" : 454.0,
    "minResTime" : 0.0,
    "maxResTime" : 455.0,
    "pct1ResTime" : 455.0,
    "pct2ResTime" : 455.0,
    "pct3ResTime" : 455.0,
    "throughput" : 0.07873147841970177,
    "receivedKBytesPerSec" : 0.334055202576094,
    "sentKBytesPerSec" : 0.11053161462515944
  },
  "04_09_Click on Confirm" : {
    "transaction" : "04_09_Click on Confirm",
    "sampleCount" : 4,
    "errorCount" : 0,
    "errorPct" : 0.0,
    "meanResTime" : 231.0,
    "medianResTime" : 231.0,
    "minResTime" : 229.0,
    "maxResTime" : 233.0,
    "pct1ResTime" : 233.0,
    "pct2ResTime" : 233.0,
    "pct3ResTime" : 233.0,
    "throughput" : 0.1109416169740674,
    "receivedKBytesPerSec" : 0.5869396581611427,
    "sentKBytesPerSec" : 0.06998855914574954
  },
  "04_10_Click on Sign Out-1" : {
    "transaction" : "04_10_Click on Sign Out-1",
    "sampleCount" : 2,
    "errorCount" : 0,
    "errorPct" : 0.0,
    "meanResTime" : 229.5,
    "medianResTime" : 229.5,
    "minResTime" : 229.0,
    "maxResTime" : 230.0,
    "pct1ResTime" : 230.0,
    "pct2ResTime" : 230.0,
    "pct3ResTime" : 230.0,
    "throughput" : 0.06254691018263697,
    "receivedKBytesPerSec" : 0.30833672129096823,
    "sentKBytesPerSec" : 0.039580466599949966
  },
  "04_10_Click on Sign Out-0" : {
    "transaction" : "04_10_Click on Sign Out-0",
    "sampleCount" : 2,
    "errorCount" : 0,
    "errorPct" : 0.0,
    "meanResTime" : 226.0,
    "medianResTime" : 226.0,
    "minResTime" : 226.0,
    "maxResTime" : 226.0,
    "pct1ResTime" : 226.0,
    "pct2ResTime" : 226.0,
    "pct3ResTime" : 226.0,
    "throughput" : 0.06255473539346929,
    "receivedKBytesPerSec" : 0.014050380020017515,
    "sentKBytesPerSec" : 0.040135215970223945
  },
  "03_04_ Click on Category" : {
    "transaction" : "03_04_ Click on Category",
    "sampleCount" : 54,
    "errorCount" : 0,
    "errorPct" : 0.0,
    "meanResTime" : 222.29629629629633,
    "medianResTime" : 229.0,
    "minResTime" : 0.0,
    "maxResTime" : 240.0,
    "pct1ResTime" : 239.0,
    "pct2ResTime" : 240.0,
    "pct3ResTime" : 240.0,
    "throughput" : 0.6736190808841874,
    "receivedKBytesPerSec" : 2.571096439798413,
    "sentKBytesPerSec" : 0.41528635827803
  },
  "03_05_ Click on Product Id" : {
    "transaction" : "03_05_ Click on Product Id",
    "sampleCount" : 50,
    "errorCount" : 0,
    "errorPct" : 0.0,
    "meanResTime" : 221.88000000000002,
    "medianResTime" : 230.0,
    "minResTime" : 0.0,
    "maxResTime" : 243.0,
    "pct1ResTime" : 240.0,
    "pct2ResTime" : 241.89999999999998,
    "pct3ResTime" : 243.0,
    "throughput" : 0.6540735701951756,
    "receivedKBytesPerSec" : 2.580677930903668,
    "sentKBytesPerSec" : 0.421392007548009
  },
  "03_03_ Key in User name and password in Login" : {
    "transaction" : "03_03_ Key in User name and password in Login",
    "sampleCount" : 58,
    "errorCount" : 0,
    "errorPct" : 0.0,
    "meanResTime" : 445.1724137931034,